{
  "courseList": [
    {
      "id": 1,
      "courseName": "Java",
      "duration": "20"
    },
    {
      "id": 2,
      "courseName": "C++",
      "duration": "20"
    },
    {
      "id": 3,
      "courseName": "Python",
      "duration": "13",
      "author": "amruth@gmail.com"
    }
  ],
  "users": [
    {
      "firstName": "sandesh ",
      "lastName": "Lotlikar",
      "phoneNumber": "9481419215",
      "email": "sandeshbplotlikar@gmail.com",
      "password": "s1",
      "id": 1
    },
    {
      "firstName": "Amruth",
      "lastName": "Raju",
      "phoneNumber": "8123853483",
      "email": "amruth@gmail.com",
      "password": "483460",
      "id": 2
    }
  ]
}